district,dt_code,st_nm,st_code,year,Value
Aizawl,261,Mizoram,15,2011_c,
Champhai,262,Mizoram,15,2011_c,
Kolasib,263,Mizoram,15,2011_c,
Lawngtlai,264,Mizoram,15,2011_c,
Lunglei,265,Mizoram,15,2011_c,
Mamit,266,Mizoram,15,2011_c,
Saiha,267,Mizoram,15,2011_c,
Serchhip,268,Mizoram,15,2011_c,
Khawzawl,996,Mizoram,15,2019,
Hnahthial,994,Mizoram,15,2019,
Thiruvallur,602,Tamil Nadu,33,2011_c,
Chennai,603,Tamil Nadu,33,2018,56
Krishnagiri,631,Tamil Nadu,33,2011_c,
Tiruvannamalai,606,Tamil Nadu,33,2011_c,
Dharmapuri,630,Tamil Nadu,33,2011_c,
Salem,608,Tamil Nadu,33,2011_c,
Erode,610,Tamil Nadu,33,2011_c,
Nilgiris,611,Tamil Nadu,33,2011_c,
Namakkal,609,Tamil Nadu,33,2011_c,
Perambalur,615,Tamil Nadu,33,2011_c,
Coimbatore,632,Tamil Nadu,33,2011_c,
Tiruchirappalli,614,Tamil Nadu,33,2011_c,
Ariyalur,616,Tamil Nadu,33,2011_c,
Tiruppur,633,Tamil Nadu,33,2011_c,
Thanjavur,620,Tamil Nadu,33,2011_c,
Karur,613,Tamil Nadu,33,2011_c,
Thiruvarur,619,Tamil Nadu,33,2011_c,
Dindigul,612,Tamil Nadu,33,2011_c,
Madurai,623,Tamil Nadu,33,2011_c,
Theni,624,Tamil Nadu,33,2011_c,
Virudhunagar,625,Tamil Nadu,33,2011_c,
Thoothukkudi,627,Tamil Nadu,33,2011_c,
Kanyakumari,629,Tamil Nadu,33,2011_c,
Viluppuram,607,Tamil Nadu,33,2019,
Cuddalore,617,Tamil Nadu,33,2011_c,
Pudukkottai,621,Tamil Nadu,33,2011_c,
Sivaganga,622,Tamil Nadu,33,2011_c,
Ramanathapuram,626,Tamil Nadu,33,2011_c,
Nagapattinam,618,Tamil Nadu,33,2011_c,
Kallakurichi,729,Tamil Nadu,33,2019,
Tenkasi,0,Tamil Nadu,33,2019,
Tirunelveli,628,Tamil Nadu,33,2019,
Vellore,605,Tamil Nadu,33,2019,
Ranipet,0,Tamil Nadu,33,2019,
Tirupathur,0,Tamil Nadu,33,2019,
Kancheepuram,604,Tamil Nadu,33,2019,
Chengalpattu,0,Tamil Nadu,33,2019,
Burhanpur,467,Madhya Pradesh,23,2011_c,
Gondia,507,Maharashtra,27,2011_c,
Bhandara,506,Maharashtra,27,2011_c,
Jalgaon,499,Maharashtra,27,2011_c,
Mahasamund,411,Chhattisgarh,22,2011_c,
Wardha,504,Maharashtra,27,2011_c,
Buldhana,500,Maharashtra,27,2011_c,
Valsad,491,Gujarat,24,2011_c,
Akola,501,Maharashtra,27,2011_c,
Bhadrak,378,Odisha,21,2011_c,
Dhenkanal,383,Odisha,21,2011_c,
Jajpur,382,Odisha,21,2011_c,
Subarnapur,392,Odisha,21,2011_c,
Nuapada,394,Odisha,21,2011_c,
Balangir,393,Odisha,21,2011_c,
Nashik,516,Maharashtra,27,2011_c,
Boudh,391,Odisha,21,2011_c,
Gadchiroli,508,Maharashtra,27,2011_c,
Washim,502,Maharashtra,27,2011_c,
Cuttack,381,Odisha,21,2011_c,
Chandrapur,509,Maharashtra,27,2011_c,
Yavatmal,510,Maharashtra,27,2011_c,
Kandhamal,390,Odisha,21,2011_c,
Jalna,514,Maharashtra,27,2011_c,
Nayagarh,385,Odisha,21,2011_c,
Uttar Bastar Kanker,413,Chhattisgarh,22,2011_c,
Khordha,386,Odisha,21,2011_c,
Kalahandi,395,Odisha,21,2011_c,
Jagatsinghpur,380,Odisha,21,2011_c,
Puri,387,Odisha,21,2011_c,
Ahmednagar,522,Maharashtra,27,2011_c,
Nabarangapur,397,Odisha,21,2011_c,
Hingoli,512,Maharashtra,27,2011_c,
Rayagada,396,Odisha,21,2011_c,
Nanded,511,Maharashtra,27,2011_c,
Narayanpur,415,Chhattisgarh,22,2011_c,
Parbhani,513,Maharashtra,27,2011_c,
Pune,521,Maharashtra,27,2011_c,
Beed,523,Maharashtra,27,2011_c,
Mumbai,519,Maharashtra,27,2011_c,
Koraput,398,Odisha,21,2011_c,
Srikakulam,542,Andhra Pradesh,37,2011_c,67
Vizianagaram,543,Andhra Pradesh,37,2011_c,89
Latur,524,Maharashtra,27,2011_c,
Osmanabad,525,Maharashtra,27,2011_c,
Malkangiri,399,Odisha,21,2011_c,
Solapur,526,Maharashtra,27,2011_c,
Visakhapatnam,544,Andhra Pradesh,37,2011_c,45
Bidar,558,Karnataka,29,2011_c,
Satara,527,Maharashtra,27,2011_c,
Ratnagiri,528,Maharashtra,27,2011_c,
Kalaburagi,579,Karnataka,29,2011_c,
Sangli,531,Maharashtra,27,2011_c,
Kolhapur,530,Maharashtra,27,2011_c,
Krishna,547,Andhra Pradesh,37,2011_c,88
Belagavi,555,Karnataka,29,2011_c,
Yadgir,580,Karnataka,29,2011_c,
Bagalkote,556,Karnataka,29,2011_c,
Sindhudurg,529,Maharashtra,27,2011_c,
Guntur,548,Andhra Pradesh,37,2011_c,78
East Godavari,545,Andhra Pradesh,37,2011_c,
Raichur,559,Karnataka,29,2011_c,
Prakasam,549,Andhra Pradesh,37,2011_c,
Kurnool,552,Andhra Pradesh,37,2011_c,
Koppal,560,Karnataka,29,2011_c,
Gadag,561,Karnataka,29,2011_c,
North Goa,585,Goa,30,2011_c,
Ballari,565,Karnataka,29,2011_c,
Dharwad,562,Karnataka,29,2011_c,
Uttara Kannada,563,Karnataka,29,2011_c,
South Goa,586,Goa,30,2011_c,
Haveri,564,Karnataka,29,2011_c,
Anantapur,553,Andhra Pradesh,37,2011_c,
S.P.S. Nellore,550,Andhra Pradesh,37,2011_c,
Chitradurga,566,Karnataka,29,2011_c,
Davanagere,567,Karnataka,29,2011_c,
Shivamogga,568,Karnataka,29,2011_c,
Udupi,569,Karnataka,29,2011_c,
Chikkamagaluru,570,Karnataka,29,2011_c,
Chikkaballapura,582,Karnataka,29,2011_c,
Hassan,574,Karnataka,29,2011_c,
Kolar,581,Karnataka,29,2011_c,
Bengaluru Rural,583,Karnataka,29,2011_c,
Dakshina Kannada,575,Karnataka,29,2011_c,
Bengaluru Urban,572,Karnataka,29,2011_c,
Kasaragod,588,Kerala,32,2011_c,
Kodagu,576,Karnataka,29,2011_c,
Chamarajanagara,578,Karnataka,29,2011_c,
Wayanad,590,Kerala,32,2011_c,
Kozhikode,591,Kerala,32,2011_c,
Malappuram,592,Kerala,32,2011_c,
Palakkad,593,Kerala,32,2011_c,
Thrissur,594,Kerala,32,2011_c,
Idukki,596,Kerala,32,2011_c,
Ernakulam,595,Kerala,32,2011_c,
Alappuzha,598,Kerala,32,2011_c,
Kottayam,597,Kerala,32,2011_c,
Pathanamthitta,599,Kerala,32,2011_c,
Kollam,600,Kerala,32,2011_c,
Thiruvananthapuram,601,Kerala,32,2011_c,
West Godavari,546,Andhra Pradesh,37,2011_c,
Dakshin Bastar Dantewada,416,Chhattisgarh,22,2011_c,
Bastar,414,Chhattisgarh,22,2011_c,
Kondagaon,722,Chhattisgarh,22,update2014,
Gariaband,720,Chhattisgarh,22,update2014,
Raipur,410,Chhattisgarh,22,2011_c,
Durg,409,Chhattisgarh,22,2011_c,
Thane,517,Maharashtra,27,2011_c,
Adilabad,532,Telangana,36,2016_c,
Hyderabad,536,Telangana,36,2016_c,
Jagtial,737,Telangana,36,2016_c,
Jangaon,752,Telangana,36,2016_c,
Mulugu,780,Telangana,36,2019,
Jogulamba Gadwal,744,Telangana,36,2016_c,
Kamareddy,736,Telangana,36,2016_c,
Karimnagar,534,Telangana,36,2016_c,
Khammam,541,Telangana,36,2016_c,
Komaram Bheem,733,Telangana,36,2016_c,
Mahabubabad,751,Telangana,36,2016_c,
Mahabubnagar,538,Telangana,36,2016_c,
Mancherial,735,Telangana,36,2016_c,
Medak,535,Telangana,36,2016_c,
Medchal Malkajgiri,742,Telangana,36,2016_c,
Nagarkurnool,746,Telangana,36,2016_c,
Nalgonda,539,Telangana,36,2016_c,
Nirmal,734,Telangana,36,2016_c,
Nizamabad,533,Telangana,36,2016_c,
Peddapalli,738,Telangana,36,2016_c,
Rajanna Sircilla,739,Telangana,36,2016_c,
Ranga Reddy,537,Telangana,36,2016_c,
Sangareddy,740,Telangana,36,2016_c,
Siddipet,741,Telangana,36,2016_c,
Suryapet,748,Telangana,36,2016_c,
Vikarabad,743,Telangana,36,2016_c,
Wanaparthy,745,Telangana,36,2016_c,
Warangal Rural,749,Telangana,36,2016_c,
Warangal Urban,540,Telangana,36,2016_c,
Yadadri Bhuvanagiri,747,Telangana,36,2016_c,
South 24 Parganas,343,West Bengal,19,2011_c,
Amreli,480,Gujarat,24,2011_c,
Angul,384,Odisha,21,2011_c,
Dang,489,Gujarat,24,2011_c,
Dhamtari,412,Chhattisgarh,22,2011_c,
Kendrapara,379,Odisha,21,2011_c,
Dadra and Nagar Haveli,496,Dadra and Nagar Haveli and Daman and Diu,26,2011_c,
Palghar,732,Maharashtra,27,update2014,
Ganjam,388,Odisha,21,2011_c,
Gajapati,389,Odisha,21,2011_c,
Y.S.R. Kadapa,551,Andhra Pradesh,37,2011_c,
Tumakuru,571,Karnataka,29,2011_c,
Chittoor,554,Andhra Pradesh,37,2011_c,
Ramanagara,584,Karnataka,29,2011_c,
Mandya,573,Karnataka,29,2011_c,
Mysuru,577,Karnataka,29,2011_c,
Kannur,589,Kerala,32,2011_c,
Puducherry,635,Puducherry,34,2011_c,
Balod,719,Chhattisgarh,22,update2014,
Bhadradri Kothagudem,753,Telangana,36,2016_c,
Vadodara,486,Gujarat,24,2011_c,
Paschim Medinipur,344,West Bengal,19,2011_c,
Seoni,456,Madhya Pradesh,23,2011_c,
Alirajpur,465,Madhya Pradesh,23,2011_c,
Chhindwara,455,Madhya Pradesh,23,2011_c,
Harda,448,Madhya Pradesh,23,2011_c,
Khargone,440,Madhya Pradesh,23,2011_c,
Purba Medinipur,345,West Bengal,19,2011_c,
Mayurbhanj,376,Odisha,21,2011_c,
Bharuch,488,Gujarat,24,2011_c,
Sundargarh,374,Odisha,21,2011_c,
Kabeerdham,407,Chhattisgarh,22,2011_c,
Khandwa,466,Madhya Pradesh,23,2011_c,
Porbandar,478,Gujarat,24,2011_c,
Balaghat,457,Madhya Pradesh,23,2011_c,
Narmada,487,Gujarat,24,2011_c,
Barwani,441,Madhya Pradesh,23,2011_c,
Janjgir Champa,405,Chhattisgarh,22,2011_c,
Nandurbar,497,Maharashtra,27,2011_c,
Kendujhar,375,Odisha,21,2011_c,
Balasore,377,Odisha,21,2011_c,
Jharsuguda,371,Odisha,21,2011_c,
Bametara,718,Chhattisgarh,22,update2014,
Rajnandgaon,408,Chhattisgarh,22,2011_c,
Amravati,503,Maharashtra,27,2011_c,
Surat,492,Gujarat,24,2011_c,
Dhule,498,Maharashtra,27,2011_c,
Tapi,493,Gujarat,24,2011_c,
Bargarh,370,Odisha,21,2011_c,
Nagpur,505,Maharashtra,27,2011_c,
Baloda Bazar,721,Chhattisgarh,22,update2014,
Mungeli,717,Chhattisgarh,22,update2014,
Botad,726,Gujarat,24,update2014,
Chhota Udaipur,731,Gujarat,24,update2014,
Gir Somnath,729,Gujarat,24,update2014,
Jhargram,776,West Bengal,19,2017_c,
Rajkot,476,Gujarat,24,2011_c,
Bhavnagar,481,Gujarat,24,2011_c,
Betul,447,Madhya Pradesh,23,2011_c,
Junagadh,479,Gujarat,24,2011_c,
Deogarh,373,Odisha,21,2011_c,
Jamnagar,477,Gujarat,24,2011_c,
Devbhumi Dwarka,728,Gujarat,24,update2014,
Aurangabad,515,Maharashtra,27,2011_c,
Vijayapura,557,Karnataka,29,2011_c,
Bijapur,417,Chhattisgarh,22,2011_c,
Raigad,520,Maharashtra,27,2011_c,
Raigarh,403,Chhattisgarh,22,2011_c,
Bilaspur,406,Chhattisgarh,22,2011_c,
Karaikal,637,Puducherry,34,2011_c,
Mahe,636,Puducherry,34,2011_c,
Yanam,634,Puducherry,34,2011_c,
Sambalpur,372,Odisha,21,2011_c,
Navsari,490,Gujarat,24,2011_c,
Lakshadweep,587,Lakshadweep,31,2011_c,
Daman,495,Dadra and Nagar Haveli and Daman and Diu,26,2011_c,
Diu,494,Dadra and Nagar Haveli and Daman and Diu,26,2011_c,
Mumbai Suburban,518,Maharashtra,27,2011_c,
Jayashankar Bhupalapally,750,Telangana,36,2016_c,
Narayanpet,781,Telangana,36,2019,
Sukma,723,Chhattisgarh,22,update2014,
Upper Subansiri,249,Arunachal Pradesh,12,2011_c,
Anjaw,260,Arunachal Pradesh,12,2011_c,
Tinsukia,309,Assam,18,2011_c,
Dhemaji,308,Assam,18,2011_c,
Changlang,253,Arunachal Pradesh,12,2011_c,
Dibrugarh,310,Assam,18,2011_c,
Tawang,245,Arunachal Pradesh,12,2011_c,
Papum Pare,248,Arunachal Pradesh,12,2011_c,
Lakhimpur,307,Assam,18,2011_c,
Tirap,254,Arunachal Pradesh,12,2011_c,
Sivasagar,311,Assam,18,2011_c,
Jorhat,312,Assam,18,2011_c,
Mon,261,Nagaland,13,2011_c,
Sonitpur,306,Assam,18,2011_c,
Golaghat,313,Assam,18,2011_c,
Longleng,268,Nagaland,13,2011_c,
Mokokchung,262,Nagaland,13,2011_c,
Udalguri,326,Assam,18,2011_c,
Chirang,320,Assam,18,2011_c,
Baksa,324,Assam,18,2011_c,
Nagaon,305,Assam,18,2011_c,
Kokrajhar,300,Assam,18,2011_c,
Darrang,325,Assam,18,2011_c,
Tuensang,267,Nagaland,13,2011_c,
Barpeta,303,Assam,18,2011_c,
Nalbari,323,Assam,18,2011_c,
Morigaon,304,Assam,18,2011_c,
Kamrup,321,Assam,18,2011_c,
Bongaigaon,319,Assam,18,2011_c,
Dhubri,301,Assam,18,2011_c,
Kamrup Metropolitan,322,Assam,18,2011_c,
Kiphire,269,Nagaland,13,2011_c,
Goalpara,302,Assam,18,2011_c,
Ribhoi,297,Meghalaya,17,2011_c,
Dima Hasao,315,Assam,18,2011_c,
Kamjong,770,Manipur,14,2016_c,
West Khasi Hills,296,Meghalaya,17,2011_c,
Peren,271,Nagaland,13,2011_c,
Senapati,272,Manipur,14,2011_c,
East Jaintia Hills,714,Meghalaya,17,update2014,
East Khasi Hills,298,Meghalaya,17,2011_c,
Tamenglong,273,Manipur,14,2011_c,
South Garo Hills,295,Meghalaya,17,2011_c,
Cachar,316,Assam,18,2011_c,
Imphal West,277,Manipur,14,2011_c,
Karimganj,317,Assam,18,2011_c,
Hailakandi,318,Assam,18,2011_c,
Kakching,768,Manipur,14,2016_c,
Bishnupur,275,Manipur,14,2011_c,
Chandel,280,Manipur,14,2011_c,
Churachandpur,274,Manipur,14,2011_c,
North Tripura,292,Tripura,16,2011_c,
Dhalai,291,Tripura,16,2011_c,
Sipahijala,707,Tripura,16,update2014,
Gomati,709,Tripura,16,update2014,
Wokha,264,Nagaland,13,2011_c,
Zunheboto,263,Nagaland,13,2011_c,
Phek,266,Nagaland,13,2011_c,
West Garo Hills,293,Meghalaya,17,2011_c,
East Garo Hills,294,Meghalaya,17,2011_c,
Kohima,270,Nagaland,13,2011_c,
Dimapur,265,Nagaland,13,2011_c,
East Siang,251,Arunachal Pradesh,12,2011_c,
Lohit,259,Arunachal Pradesh,12,2011_c,
Kurung Kumey,256,Arunachal Pradesh,12,2011_c,
Lower Subansiri,255,Arunachal Pradesh,12,2011_c,
East Kameng,247,Arunachal Pradesh,12,2011_c,
West Kameng,246,Arunachal Pradesh,12,2011_c,
West Jaintia Hills,299,Meghalaya,17,2011_c,
South West Khasi Hills,713,Meghalaya,17,update2014,
North Garo Hills,712,Meghalaya,17,update2014,
South West Garo Hills,711,Meghalaya,17,update2014,
Khowai,708,Tripura,16,update2014,
West Tripura,289,Tripura,16,2011_c,
South Tripura,290,Tripura,16,2011_c,
Unokoti,710,Tripura,16,update2014,
Charaideo,755,Assam,18,2015_c,
Majuli,760,Assam,18,2016_c,
Biswanath,756,Assam,18,2015_c,
Hojai,757,Assam,18,2015_c,
South Salmara Mankachar,758,Assam,18,2015_c,
Karbi Anglong,314,Assam,18,2011_c,
West Karbi Anglong,759,Assam,18,2016_c,
Kra Daadi,763,Arunachal Pradesh,12,2015_c,
Namsai,762,Arunachal Pradesh,12,2014_c,
Longding,761,Arunachal Pradesh,12,2012_c,
Imphal East,278,Manipur,14,2011_c,
Jiribam,766,Manipur,14,2016_c,
Kangpokpi,767,Manipur,14,2016_c,
Thoubal,276,Manipur,14,2011_c,
Tengnoupal,769,Manipur,14,2016_c,
Ukhrul,279,Manipur,14,2011_c,
Noney,771,Manipur,14,2016_c,
Pherzawl,772,Manipur,14,2016_c,
Upper Siang,252,Arunachal Pradesh,12,2011_c,
Lower Siang,779,Arunachal Pradesh,12,2018,
Upper Dibang Valley,257,Arunachal Pradesh,12,2011_c,
Lower Dibang Valley,258,Arunachal Pradesh,12,2011_c,
Siang,764,Arunachal Pradesh,12,2015_c,
Shi Yomi,785,Arunachal Pradesh,12,2018,
Pakke Kessang,783,Arunachal Pradesh,12,2018,
West Siang,250,Arunachal Pradesh,12,2011_c,
Lepa Rada,784,Arunachal Pradesh,12,2018,
Kamle,778,Arunachal Pradesh,12,2018,
North and Middle Andaman,639,Andaman and Nicobar Islands,35,2011_c,
South Andaman,640,Andaman and Nicobar Islands,35,2011_c,
Nicobars,638,Andaman and Nicobar Islands,35,2011_c,
Amroha,137,Uttar Pradesh,9,2011_c,
Churu,102,Rajasthan,8,2011_c,
Hapur,705,Uttar Pradesh,9,update2014,
North Delhi,91,Delhi,7,2011_c,
Jhajjar,83,Haryana,6,2011_c,
Bareilly,150,Uttar Pradesh,9,2011_c,
Pilibhit,151,Uttar Pradesh,9,2011_c,
North East Delhi,92,Delhi,7,2011_c,
West Delhi,96,Delhi,7,2011_c,
Bulandshahr,142,Uttar Pradesh,9,2011_c,
East Delhi,93,Delhi,7,2011_c,
South West Delhi,97,Delhi,7,2011_c,
Central Delhi,95,Delhi,7,2011_c,
Gautam Buddha Nagar,141,Uttar Pradesh,9,2011_c,
New Delhi,94,Delhi,7,2011_c,
Lakhimpur Kheri,153,Uttar Pradesh,9,2011_c,
South Delhi,98,Delhi,7,2011_c,
Jhunjhunu,103,Rajasthan,8,2011_c,
Gurugram,86,Haryana,6,2011_c,
Faridabad,88,Haryana,6,2011_c,
Mahendragarh,84,Haryana,6,2011_c,
Rewari,85,Haryana,6,2011_c,
Budaun,149,Uttar Pradesh,9,2011_c,
Jaisalmer,114,Rajasthan,8,2011_c,
Bahraich,180,Uttar Pradesh,9,2011_c,
Nuh,87,Haryana,6,2011_c,
Shahjahanpur,152,Uttar Pradesh,9,2011_c,
Sikar,111,Rajasthan,8,2011_c,
Palwal,89,Haryana,6,2011_c,
Alwar,104,Rajasthan,8,2011_c,
North Sikkim,241,Sikkim,11,2011_c,
Aligarh,143,Uttar Pradesh,9,2011_c,
Kasganj,202,Uttar Pradesh,9,2011_c,
Mathura,145,Uttar Pradesh,9,2011_c,
Jaipur,110,Rajasthan,8,2011_c,
Shrawasti,181,Uttar Pradesh,9,2011_c,
Jodhpur,113,Rajasthan,8,2011_c,
Sitapur,154,Uttar Pradesh,9,2011_c,
Bharatpur,105,Rajasthan,8,2011_c,
Hathras,144,Uttar Pradesh,9,2011_c,
Nagaur,112,Rajasthan,8,2011_c,
Etah,201,Uttar Pradesh,9,2011_c,
Hardoi,155,Uttar Pradesh,9,2011_c,
Farrukhabad,159,Uttar Pradesh,9,2011_c,
West Sikkim,242,Sikkim,11,2011_c,
South Sikkim,243,Sikkim,11,2011_c,
East Sikkim,244,Sikkim,11,2011_c,
Firozabad,147,Uttar Pradesh,9,2011_c,
West Champaran,203,Bihar,10,2011_c,
Siddharthnagar,184,Uttar Pradesh,9,2011_c,
Mainpuri,148,Uttar Pradesh,9,2011_c,
Maharajganj,187,Uttar Pradesh,9,2011_c,
Agra,146,Uttar Pradesh,9,2011_c,
Gonda,183,Uttar Pradesh,9,2011_c,
Barabanki,176,Uttar Pradesh,9,2011_c,
Darjeeling,327,West Bengal,19,2011_c,
Dausa,109,Rajasthan,8,2011_c,
Kushinagar,189,Uttar Pradesh,9,2011_c,
Kannauj,160,Uttar Pradesh,9,2011_c,
Lucknow,157,Uttar Pradesh,9,2011_c,
Jalpaiguri,328,West Bengal,19,2011_c,
Basti,185,Uttar Pradesh,9,2011_c,
Gorakhpur,188,Uttar Pradesh,9,2011_c,
Sant Kabir Nagar,186,Uttar Pradesh,9,2011_c,
Karauli,107,Rajasthan,8,2011_c,
East Champaran,204,Bihar,10,2011_c,
Unnao,156,Uttar Pradesh,9,2011_c,
Etawah,161,Uttar Pradesh,9,2011_c,
Dholpur,106,Rajasthan,8,2011_c,
Kanpur Nagar,164,Uttar Pradesh,9,2011_c,
Auraiya,162,Uttar Pradesh,9,2011_c,
Morena,419,Madhya Pradesh,23,2011_c,
Barmer,115,Rajasthan,8,2011_c,
Ayodhya,177,Uttar Pradesh,9,2011_c,
Kanpur Dehat,163,Uttar Pradesh,9,2011_c,
Bhind,420,Madhya Pradesh,23,2011_c,
Sawai Madhopur,108,Rajasthan,8,2011_c,
Deoria,190,Uttar Pradesh,9,2011_c,
Sitamarhi,206,Bihar,10,2011_c,
Tonk,120,Rajasthan,8,2011_c,
Sheohar,205,Bihar,10,2011_c,
Sultanpur,179,Uttar Pradesh,9,2011_c,
Pali,118,Rajasthan,8,2011_c,
Gopalganj,217,Bihar,10,2011_c,
Ambedkar Nagar,178,Uttar Pradesh,9,2011_c,
Rae Bareli,158,Uttar Pradesh,9,2011_c,
Jalaun,165,Uttar Pradesh,9,2011_c,
Azamgarh,191,Uttar Pradesh,9,2011_c,
Gwalior,421,Madhya Pradesh,23,2011_c,
Sheopur,418,Madhya Pradesh,23,2011_c,
Mau,192,Uttar Pradesh,9,2011_c,
Fatehpur,172,Uttar Pradesh,9,2011_c,
Ballia,193,Uttar Pradesh,9,2011_c,
Jaunpur,194,Uttar Pradesh,9,2011_c,
Bhilwara,122,Rajasthan,8,2011_c,
Samastipur,221,Bihar,10,2011_c,
Jalore,116,Rajasthan,8,2011_c,
Bundi,121,Rajasthan,8,2011_c,
Katihar,212,Bihar,10,2011_c,
Jhansi,166,Uttar Pradesh,9,2011_c,
Shivpuri,423,Madhya Pradesh,23,2011_c,
Kota,127,Rajasthan,8,2011_c,
Banda,170,Uttar Pradesh,9,2011_c,
Ghazipur,195,Uttar Pradesh,9,2011_c,
Kaushambi,174,Uttar Pradesh,9,2011_c,
Khagaria,223,Bihar,10,2011_c,
Bhojpur,231,Bihar,10,2011_c,
Prayagraj,175,Uttar Pradesh,9,2011_c,
Buxar,232,Bihar,10,2011_c,
Dakshin Dinajpur,331,West Bengal,19,2011_c,
Malda,332,West Bengal,19,2011_c,
Tikamgarh,424,Madhya Pradesh,23,2011_c,
Varanasi,197,Uttar Pradesh,9,2011_c,
Darbhanga,215,Bihar,10,2011_c,
Saharsa,214,Bihar,10,2011_c,
Sirohi,117,Rajasthan,8,2011_c,
Chitrakoot,171,Uttar Pradesh,9,2011_c,
Chandauli,196,Uttar Pradesh,9,2011_c,
Bhadohi,198,Uttar Pradesh,9,2011_c,
Baran,128,Rajasthan,8,2011_c,
Sahibganj,352,Jharkhand,20,2011_c,
Kaimur,233,Bihar,10,2011_c,
Rohtas,234,Bihar,10,2011_c,
Udaipur,130,Rajasthan,8,2011_c,
Godda,351,Jharkhand,20,2011_c,
Mirzapur,199,Uttar Pradesh,9,2011_c,
Lalitpur,167,Uttar Pradesh,9,2011_c,
Jamui,238,Bihar,10,2011_c,
Neemuch,432,Madhya Pradesh,23,2011_c,
Banka,225,Bihar,10,2011_c,
Rewa,430,Madhya Pradesh,23,2011_c,
Satna,429,Madhya Pradesh,23,2011_c,
Guna,458,Madhya Pradesh,23,2011_c,
Nawada,237,Bihar,10,2011_c,
Gaya,236,Bihar,10,2011_c,
Ashoknagar,459,Madhya Pradesh,23,2011_c,
Banaskantha,469,Gujarat,24,2011_c,
Jhalawar,129,Rajasthan,8,2011_c,
Murshidabad,333,West Bengal,19,2011_c,
Sonbhadra,200,Uttar Pradesh,9,2011_c,
Pakur,353,Jharkhand,20,2011_c,
Mandsaur,433,Madhya Pradesh,23,2011_c,
Munger,226,Bihar,10,2011_c,
Giridih,349,Jharkhand,20,2011_c,
Dumka,362,Jharkhand,20,2011_c,
Singrauli,463,Madhya Pradesh,23,2011_c,
Birbhum,334,West Bengal,19,2011_c,
Deoghar,350,Jharkhand,20,2011_c,
Palamu,358,Jharkhand,20,2011_c,
Sidhi,462,Madhya Pradesh,23,2011_c,
Chatra,347,Jharkhand,20,2011_c,
Garhwa,346,Jharkhand,20,2011_c,
Sagar,427,Madhya Pradesh,23,2011_c,
Patan,470,Gujarat,24,2011_c,
Damoh,428,Madhya Pradesh,23,2011_c,
Shajapur,436,Madhya Pradesh,23,2011_c,
Vidisha,443,Madhya Pradesh,23,2011_c,
Mehsana,471,Gujarat,24,2011_c,
Rajgarh,442,Madhya Pradesh,23,2011_c,
Shahdol,460,Madhya Pradesh,23,2011_c,
Nadia,336,West Bengal,19,2011_c,
Jamtara,363,Jharkhand,20,2011_c,
Dungarpur,124,Rajasthan,8,2011_c,
Katni,450,Madhya Pradesh,23,2011_c,
Dhanbad,354,Jharkhand,20,2011_c,
Banswara,125,Rajasthan,8,2011_c,
Umaria,431,Madhya Pradesh,23,2011_c,
Latehar,359,Jharkhand,20,2011_c,
Ratlam,434,Madhya Pradesh,23,2011_c,
Bokaro,355,Jharkhand,20,2011_c,
Ramgarh,361,Jharkhand,20,2011_c,
Bhopal,444,Madhya Pradesh,23,2011_c,
Purba Bardhaman,335,West Bengal,19,2011_c,
Koriya,400,Chhattisgarh,22,2011_c,
Ujjain,435,Madhya Pradesh,23,2011_c,
Gandhinagar,473,Gujarat,24,2011_c,
Ahmedabad,474,Gujarat,24,2011_c,
Raisen,446,Madhya Pradesh,23,2011_c,
Purulia,340,West Bengal,19,2011_c,
Sehore,445,Madhya Pradesh,23,2011_c,
Ranchi,364,Jharkhand,20,2011_c,
Bankura,339,West Bengal,19,2011_c,
Lohardaga,356,Jharkhand,20,2011_c,
Panchmahal,484,Gujarat,24,2011_c,
Jabalpur,451,Madhya Pradesh,23,2011_c,
Gumla,366,Jharkhand,20,2011_c,
Dahod,485,Gujarat,24,2011_c,
Dewas,437,Madhya Pradesh,23,2011_c,
Anuppur,461,Madhya Pradesh,23,2011_c,
Jhabua,464,Madhya Pradesh,23,2011_c,
North 24 Parganas,337,West Bengal,19,2011_c,
Dindori,453,Madhya Pradesh,23,2011_c,
Hooghly,338,West Bengal,19,2011_c,
Khunti,365,Jharkhand,20,2011_c,
Narsinghpur,452,Madhya Pradesh,23,2011_c,
Dhar,438,Madhya Pradesh,23,2011_c,
Jashpur,402,Chhattisgarh,22,2011_c,
Indore,439,Madhya Pradesh,23,2011_c,
Saraikela-Kharsawan,369,Jharkhand,20,2011_c,
Mandla,454,Madhya Pradesh,23,2011_c,
East Singhbhum,357,Jharkhand,20,2011_c,
Hoshangabad,449,Madhya Pradesh,23,2011_c,
Korba,404,Chhattisgarh,22,2011_c,
West Singhbhum,368,Jharkhand,20,2011_c,
Howrah,341,West Bengal,19,2011_c,
Simdega,367,Jharkhand,20,2011_c,
Kolkata,342,West Bengal,19,2011_c,
Koderma,348,Jharkhand,20,2011_c,
Hazaribagh,360,Jharkhand,20,2011_c,
Vaishali,220,Bihar,10,2011_c,
Begusarai,222,Bihar,10,2011_c,
Bhagalpur,224,Bihar,10,2011_c,
Lakhisarai,227,Bihar,10,2011_c,
Sheikhpura,228,Bihar,10,2011_c,
Arwal,240,Bihar,10,2011_c,
Jehanabad,239,Bihar,10,2011_c,
Nalanda,229,Bihar,10,2011_c,
Patna,230,Bihar,10,2011_c,
Saran,219,Bihar,10,2011_c,
Siwan,218,Bihar,10,2011_c,
Muzaffarpur,216,Bihar,10,2011_c,
Madhepura,213,Bihar,10,2011_c,
Araria,209,Bihar,10,2011_c,
Supaul,208,Bihar,10,2011_c,
Madhubani,207,Bihar,10,2011_c,
Purnia,211,Bihar,10,2011_c,
Surajpur,715,Chhattisgarh,22,update2014,
Surguja,401,Chhattisgarh,22,2011_c,
Aravalli,725,Gujarat,24,update2014,
Mahisagar,730,Gujarat,24,update2014,
Amethi,706,Uttar Pradesh,9,update2014,
Ghaziabad,140,Uttar Pradesh,9,2011_c,
Agar Malwa,724,Madhya Pradesh,23,update2014,
Shahdara,702,Delhi,7,update2014,
South East Delhi,703,Delhi,7,update2014,
North West Delhi,90,Delhi,7,2011_c,
Sambhal,754,Uttar Pradesh,9,2011_c,
Charkhi Dadri,765,Haryana,6,2016_c,
Alipurduar,774,West Bengal,19,2014_c,
Paschim Bardhaman,777,West Bengal,19,2017_c,
Kalimpong,775,West Bengal,19,2017_c,
Ajmer,119,Rajasthan,8,2011_c,
Cooch Behar,329,West Bengal,19,2011_c,
Uttar Dinajpur,330,West Bengal,19,2011_c,
Datia,422,Madhya Pradesh,23,2011_c,
Rajsamand,123,Rajasthan,8,2011_c,
Mahoba,169,Uttar Pradesh,9,2011_c,
Chhatarpur,425,Madhya Pradesh,23,2011_c,
Chittorgarh,126,Rajasthan,8,2011_c,
Panna,426,Madhya Pradesh,23,2011_c,
Sabarkantha,472,Gujarat,24,2011_c,
Kutch,468,Gujarat,24,2011_c,
Surendranagar,475,Gujarat,24,2011_c,
Kheda,483,Gujarat,24,2011_c,
Anand,482,Gujarat,24,2011_c,
Kishanganj,210,Bihar,10,2011_c,
Morbi,727,Gujarat,24,update2014,
Leh,3,Ladakh,38,2011_c,56
Kargil,4,Ladakh,38,2011_c,67
Kupwara,1,Jammu and Kashmir,1,2011_c,
Bandipora,9,Jammu and Kashmir,1,2011_c,
Baramulla,8,Jammu and Kashmir,1,2011_c,
Ganderbal,11,Jammu and Kashmir,1,2011_c,
Anantnag,14,Jammu and Kashmir,1,2011_c,
Kishtwar,18,Jammu and Kashmir,1,2011_c,
Srinagar,10,Jammu and Kashmir,1,2011_c,
Budgam,2,Jammu and Kashmir,1,2011_c,
Pulwama,12,Jammu and Kashmir,1,2011_c,
Punch,5,Jammu and Kashmir,1,2011_c,
Shopiyan,13,Jammu and Kashmir,1,2011_c,
Kulgam,15,Jammu and Kashmir,1,2011_c,
Rajouri,6,Jammu and Kashmir,1,2011_c,
Ramban,17,Jammu and Kashmir,1,2011_c,
Reasi,20,Jammu and Kashmir,1,2011_c,
Doda,16,Jammu and Kashmir,1,2011_c,
Lahaul and Spiti,25,Himachal Pradesh,2,2011_c,
Chamba,23,Himachal Pradesh,2,2011_c,
Jammu,21,Jammu and Kashmir,1,2011_c,
Kathua,7,Jammu and Kashmir,1,2011_c,
Gurdaspur,35,Punjab,3,2011_c,
Kangra,24,Himachal Pradesh,2,2011_c,
Kullu,26,Himachal Pradesh,2,2011_c,
Hoshiarpur,38,Punjab,3,2011_c,
Amritsar,49,Punjab,3,2011_c,
Mandi,27,Himachal Pradesh,2,2011_c,
Kinnaur,34,Himachal Pradesh,2,2011_c,
Una,29,Himachal Pradesh,2,2011_c,
Shimla,33,Himachal Pradesh,2,2011_c,
Jalandhar,37,Punjab,3,2011_c,
Tarn Taran,50,Punjab,3,2011_c,
Rupnagar,51,Punjab,3,2011_c,
Uttarkashi,56,Uttarakhand,5,2011_c,
Solan,31,Himachal Pradesh,2,2011_c,
Shahid Bhagat Singh Nagar,39,Punjab,3,2011_c,
Fazilka,701,Punjab,3,update2014,
Moga,42,Punjab,3,2011_c,
Ludhiana,41,Punjab,3,2011_c,
Chamoli,57,Uttarakhand,5,2011_c,
Dehradun,60,Uttarakhand,5,2011_c,
Sirmaur,32,Himachal Pradesh,2,2011_c,
S.A.S. Nagar,52,Punjab,3,2011_c,
Faridkot,45,Punjab,3,2011_c,
Fatehgarh Sahib,40,Punjab,3,2011_c,
Tehri Garhwal,59,Uttarakhand,5,2011_c,
Chandigarh,55,Chandigarh,4,2011_c,
Sri Muktsar Sahib,44,Punjab,3,2011_c,
Rudraprayag,58,Uttarakhand,5,2011_c,
Pithoragarh,62,Uttarakhand,5,2011_c,
Sangrur,53,Punjab,3,2011_c,
Barnala,54,Punjab,3,2011_c,
Bathinda,46,Punjab,3,2011_c,
Patiala,48,Punjab,3,2011_c,
Yamunanagar,71,Haryana,6,2011_c,
Saharanpur,132,Uttar Pradesh,9,2011_c,
Ganganagar,99,Rajasthan,8,2011_c,
Mansa,47,Punjab,3,2011_c,
Kurukshetra,72,Haryana,6,2011_c,
Bageshwar,63,Uttarakhand,5,2011_c,
Haridwar,68,Uttarakhand,5,2011_c,
Pauri Garhwal,61,Uttarakhand,5,2011_c,
Kaithal,73,Haryana,6,2011_c,
Sirsa,79,Haryana,6,2011_c,
Hanumangarh,100,Rajasthan,8,2011_c,
Karnal,74,Haryana,6,2011_c,
Almora,64,Uttarakhand,5,2011_c,
Jind,77,Haryana,6,2011_c,
Fatehabad,78,Haryana,6,2011_c,
Bijnor,134,Uttar Pradesh,9,2011_c,
Muzaffarnagar,133,Uttar Pradesh,9,2011_c,
Hisar,80,Haryana,6,2011_c,
Nainital,66,Uttarakhand,5,2011_c,
Panipat,75,Haryana,6,2011_c,
Champawat,65,Uttarakhand,5,2011_c,
Udham Singh Nagar,67,Uttarakhand,5,2011_c,
Sonipat,76,Haryana,6,2011_c,
Baghpat,139,Uttar Pradesh,9,2011_c,
Meerut,138,Uttar Pradesh,9,2011_c,
Moradabad,135,Uttar Pradesh,9,2011_c,
Bikaner,101,Rajasthan,8,2011_c,
Rampur,136,Uttar Pradesh,9,2011_c,
Bhiwani,81,Haryana,6,2011_c,
Rohtak,82,Haryana,6,2011_c,
Shamli,704,Uttar Pradesh,9,update2014,
Ferozepur,43,Punjab,3,2011_c,
Pathankot,773,Punjab,3,2011_c,
Udhampur,19,Jammu and Kashmir,1,2011_c,
Samba,22,Jammu and Kashmir,1,2011_c,
Kapurthala,36,Punjab,3,2011_c,
Panchkula,69,Haryana,6,2011_c,
Ambala,70,Haryana,6,2011_c,
Aurangabad,235,Bihar,10,2011_c,
Balrampur,716,Chhattisgarh,22,2011_c,
Balrampur,182,Uttar Pradesh,9,2011_c,
Hamirpur,168,Uttar Pradesh,9,2011_c,
Hamirpur,28,Himachal Pradesh,2,2011_c,
Pratapgarh,131,Rajasthan,8,2011_c,
Pratapgarh,173,Uttar Pradesh,9,2011_c,
Bilaspur,30,Himachal Pradesh,2,2011_c,
Niwari,782,Madhya Pradesh,23,2018,
Muzaffarabad,992,Jammu and Kashmir,1,2011_c,
Mirpur,991,Jammu and Kashmir,1,2011_c,